timestamp,posted,skipped,errors
2026-05-03T11:16:43.521767+00:00,0,0,1
2026-05-03T12:01:13.254430+00:00,0,0,1
2026-05-03T13:14:57.367236+00:00,0,0,1
2026-05-03T14:18:51.511276+00:00,0,0,1
2026-05-03T15:11:38.592210+00:00,0,0,1
2026-05-03T16:03:50.675057+00:00,0,0,1
2026-05-03T17:04:28.254622+00:00,0,0,1
2026-05-03T17:57:00.973488+00:00,0,0,1
2026-05-03T18:42:45.149131+00:00,0,0,1
2026-05-03T19:45:31.440734+00:00,0,0,1
2026-05-03T20:29:18.285143+00:00,0,0,1
2026-05-03T21:12:18.565306+00:00,0,0,1
2026-05-03T22:02:15.833158+00:00,0,0,1
2026-05-03T22:53:59.832169+00:00,0,0,1
2026-05-03T23:35:22.477058+00:00,0,0,1
2026-05-04T01:21:11.800979+00:00,0,0,1
2026-05-04T04:55:30.518707+00:00,0,0,1
2026-05-04T07:45:11.335297+00:00,0,0,1
2026-05-04T10:03:47.536774+00:00,0,0,1
2026-05-04T12:01:55.949964+00:00,0,0,1
2026-05-04T14:13:07.982076+00:00,0,0,1
2026-05-04T16:18:02.218642+00:00,0,0,1
2026-05-04T17:56:36.240984+00:00,0,0,1
2026-05-04T19:14:19.219679+00:00,0,0,1
2026-05-04T20:44:53.970774+00:00,0,0,1
2026-05-04T21:48:54.813585+00:00,0,0,1
2026-05-04T22:46:05.422798+00:00,0,0,1
2026-05-04T23:40:23.694746+00:00,0,0,1
2026-05-05T01:19:14.606849+00:00,0,0,1
2026-05-05T04:32:06.033202+00:00,0,0,1
2026-05-05T06:38:20.542565+00:00,0,0,1
2026-05-05T08:43:24.818313+00:00,0,0,1
2026-05-05T10:27:29.811246+00:00,0,0,1
2026-05-05T11:49:47.300895+00:00,0,0,1
2026-05-05T13:02:26.180509+00:00,0,0,1
2026-05-05T15:18:18.608660+00:00,0,0,1
2026-05-05T17:01:33.726498+00:00,0,0,1
2026-05-05T18:11:48.676858+00:00,0,0,1
2026-05-05T19:54:41.970570+00:00,0,0,1
2026-05-05T20:54:33.293176+00:00,0,0,1
2026-05-05T21:46:48.077016+00:00,0,0,1
2026-05-05T22:40:38.647597+00:00,0,0,1
2026-05-05T23:35:12.903191+00:00,0,0,1
2026-05-06T01:16:52.060098+00:00,0,0,1
2026-05-06T04:48:02.760584+00:00,0,0,1
2026-05-06T07:28:52.794677+00:00,0,0,1
2026-05-06T09:44:39.596227+00:00,0,0,1
2026-05-06T11:33:20.766233+00:00,0,0,1
2026-05-06T13:20:22.537466+00:00,0,0,1
2026-05-06T15:41:17.751455+00:00,0,0,1
2026-05-06T17:13:49.051366+00:00,0,0,1
2026-05-06T19:02:01.443264+00:00,0,0,1
2026-05-06T20:29:21.753478+00:00,0,0,1
2026-05-06T21:43:15.311765+00:00,0,0,1
2026-05-06T22:34:07.998250+00:00,0,0,1
2026-05-06T23:38:01.928505+00:00,0,0,1
2026-05-07T01:22:13.896998+00:00,0,0,1
2026-05-07T04:49:10.011953+00:00,0,0,1
2026-05-07T07:36:22.367752+00:00,0,0,1
2026-05-07T10:07:01.665828+00:00,0,0,1
2026-05-07T12:02:41.771746+00:00,0,0,1
2026-05-07T14:31:22.703970+00:00,0,0,1
2026-05-07T16:23:35.466835+00:00,0,0,1
2026-05-07T18:05:21.023559+00:00,0,0,1
